SET NAMES utf8mb4;
SET FOREIGN_KEY_CHECKS = 0;

DROP TABLE IF EXISTS `QRTZ_TRIGGERS`;
CREATE TABLE `QRTZ_TRIGGERS` (
  `SCHED_NAME` varchar(120) NOT NULL,
  `TRIGGER_NAME` varchar(200) NOT NULL,
  `TRIGGER_GROUP` varchar(200) NOT NULL,
  `JOB_NAME` varchar(200) NOT NULL,
  `JOB_GROUP` varchar(200) NOT NULL,
  `DESCRIPTION` varchar(250) DEFAULT NULL,
  `NEXT_FIRE_TIME` bigint(13) DEFAULT NULL,
  `PREV_FIRE_TIME` bigint(13) DEFAULT NULL,
  `PRIORITY` int(11) DEFAULT NULL,
  `TRIGGER_STATE` varchar(16) NOT NULL,
  `TRIGGER_TYPE` varchar(8) NOT NULL,
  `START_TIME` bigint(13) NOT NULL,
  `END_TIME` bigint(13) DEFAULT NULL,
  `CALENDAR_NAME` varchar(200) DEFAULT NULL,
  `MISFIRE_INSTR` smallint(2) DEFAULT NULL,
  `JOB_DATA` blob,
  PRIMARY KEY (`SCHED_NAME`,`TRIGGER_NAME`,`TRIGGER_GROUP`),
  KEY `IDX_QRTZ_T_J` (`SCHED_NAME`,`JOB_NAME`,`JOB_GROUP`),
  KEY `IDX_QRTZ_T_JG` (`SCHED_NAME`,`JOB_GROUP`),
  KEY `IDX_QRTZ_T_C` (`SCHED_NAME`,`CALENDAR_NAME`),
  KEY `IDX_QRTZ_T_G` (`SCHED_NAME`,`TRIGGER_GROUP`),
  KEY `IDX_QRTZ_T_STATE` (`SCHED_NAME`,`TRIGGER_STATE`),
  KEY `IDX_QRTZ_T_N_STATE` (`SCHED_NAME`,`TRIGGER_NAME`,`TRIGGER_GROUP`,`TRIGGER_STATE`),
  KEY `IDX_QRTZ_T_N_G_STATE` (`SCHED_NAME`,`TRIGGER_GROUP`,`TRIGGER_STATE`),
  KEY `IDX_QRTZ_T_NEXT_FIRE_TIME` (`SCHED_NAME`,`NEXT_FIRE_TIME`),
  KEY `IDX_QRTZ_T_NFT_ST` (`SCHED_NAME`,`TRIGGER_STATE`,`NEXT_FIRE_TIME`),
  KEY `IDX_QRTZ_T_NFT_MISFIRE` (`SCHED_NAME`,`MISFIRE_INSTR`,`NEXT_FIRE_TIME`),
  KEY `IDX_QRTZ_T_NFT_ST_MISFIRE` (`SCHED_NAME`,`MISFIRE_INSTR`,`NEXT_FIRE_TIME`,`TRIGGER_STATE`),
  KEY `IDX_QRTZ_T_NFT_ST_MISFIRE_GRP` (`SCHED_NAME`,`MISFIRE_INSTR`,`NEXT_FIRE_TIME`,`TRIGGER_GROUP`,`TRIGGER_STATE`),
  CONSTRAINT `QRTZ_TRIGGERS_IBFK_1` FOREIGN KEY (`SCHED_NAME`, `JOB_NAME`, `JOB_GROUP`) REFERENCES `QRTZ_JOB_DETAILS` (`SCHED_NAME`, `JOB_NAME`, `JOB_GROUP`)
) ENGINE=InnoDB DEFAULT CHARSET=utf8;

DROP TABLE IF EXISTS `QRTZ_BLOB_TRIGGERS`;
CREATE TABLE `QRTZ_BLOB_TRIGGERS` (
  `SCHED_NAME` varchar(120) NOT NULL,
  `TRIGGER_NAME` varchar(200) NOT NULL,
  `TRIGGER_GROUP` varchar(200) NOT NULL,
  `BLOB_DATA` blob,
  PRIMARY KEY (`SCHED_NAME`,`TRIGGER_NAME`,`TRIGGER_GROUP`),
  KEY `SCHED_NAME` (`SCHED_NAME`,`TRIGGER_NAME`,`TRIGGER_GROUP`),
  CONSTRAINT `QRTZ_BLOB_TRIGGERS_IBFK_1` FOREIGN KEY (`SCHED_NAME`, `TRIGGER_NAME`, `TRIGGER_GROUP`) REFERENCES `QRTZ_TRIGGERS` (`SCHED_NAME`, `TRIGGER_NAME`, `TRIGGER_GROUP`)
) ENGINE=InnoDB DEFAULT CHARSET=utf8;

-- ----------------------------
-- Table structure for QRTZ_CALENDARS
-- ----------------------------
DROP TABLE IF EXISTS `QRTZ_CALENDARS`;
CREATE TABLE `QRTZ_CALENDARS` (
  `SCHED_NAME` varchar(120) NOT NULL,
  `CALENDAR_NAME` varchar(200) NOT NULL,
  `CALENDAR` blob NOT NULL,
  PRIMARY KEY (`SCHED_NAME`,`CALENDAR_NAME`)
) ENGINE=InnoDB DEFAULT CHARSET=utf8;

-- ----------------------------
-- Table structure for QRTZ_CRON_TRIGGERS
-- ----------------------------
DROP TABLE IF EXISTS `QRTZ_CRON_TRIGGERS`;
CREATE TABLE `QRTZ_CRON_TRIGGERS` (
  `SCHED_NAME` varchar(120) NOT NULL,
  `TRIGGER_NAME` varchar(200) NOT NULL,
  `TRIGGER_GROUP` varchar(200) NOT NULL,
  `CRON_EXPRESSION` varchar(120) NOT NULL,
  `TIME_ZONE_ID` varchar(80) DEFAULT NULL,
  PRIMARY KEY (`SCHED_NAME`,`TRIGGER_NAME`,`TRIGGER_GROUP`),
  CONSTRAINT `QRTZ_CRON_TRIGGERS_IBFK_1` FOREIGN KEY (`SCHED_NAME`, `TRIGGER_NAME`, `TRIGGER_GROUP`) REFERENCES `QRTZ_TRIGGERS` (`SCHED_NAME`, `TRIGGER_NAME`, `TRIGGER_GROUP`)
) ENGINE=InnoDB DEFAULT CHARSET=utf8;

-- ----------------------------
-- Table structure for QRTZ_FIRED_TRIGGERS
-- ----------------------------
DROP TABLE IF EXISTS `QRTZ_FIRED_TRIGGERS`;
CREATE TABLE `QRTZ_FIRED_TRIGGERS` (
  `SCHED_NAME` varchar(120) NOT NULL,
  `ENTRY_ID` varchar(95) NOT NULL,
  `TRIGGER_NAME` varchar(200) NOT NULL,
  `TRIGGER_GROUP` varchar(200) NOT NULL,
  `INSTANCE_NAME` varchar(200) NOT NULL,
  `FIRED_TIME` bigint(13) NOT NULL,
  `SCHED_TIME` bigint(13) NOT NULL,
  `PRIORITY` int(11) NOT NULL,
  `STATE` varchar(16) NOT NULL,
  `JOB_NAME` varchar(200) DEFAULT NULL,
  `JOB_GROUP` varchar(200) DEFAULT NULL,
  `IS_NONCONCURRENT` varchar(1) DEFAULT NULL,
  `REQUESTS_RECOVERY` varchar(1) DEFAULT NULL,
  PRIMARY KEY (`SCHED_NAME`,`ENTRY_ID`),
  KEY `IDX_QRTZ_FT_TRIG_INST_NAME` (`SCHED_NAME`,`INSTANCE_NAME`),
  KEY `IDX_QRTZ_FT_INST_JOB_REQ_RCVRY` (`SCHED_NAME`,`INSTANCE_NAME`,`REQUESTS_RECOVERY`),
  KEY `IDX_QRTZ_FT_J_G` (`SCHED_NAME`,`JOB_NAME`,`JOB_GROUP`),
  KEY `IDX_QRTZ_FT_JG` (`SCHED_NAME`,`JOB_GROUP`),
  KEY `IDX_QRTZ_FT_T_G` (`SCHED_NAME`,`TRIGGER_NAME`,`TRIGGER_GROUP`),
  KEY `IDX_QRTZ_FT_TG` (`SCHED_NAME`,`TRIGGER_GROUP`)
) ENGINE=InnoDB DEFAULT CHARSET=utf8;

-- ----------------------------
-- Table structure for QRTZ_JOB_DETAILS
-- ----------------------------
DROP TABLE IF EXISTS `QRTZ_JOB_DETAILS`;
CREATE TABLE `QRTZ_JOB_DETAILS` (
  `SCHED_NAME` varchar(120) NOT NULL,
  `JOB_NAME` varchar(200) NOT NULL,
  `JOB_GROUP` varchar(200) NOT NULL,
  `DESCRIPTION` varchar(250) DEFAULT NULL,
  `JOB_CLASS_NAME` varchar(250) NOT NULL,
  `IS_DURABLE` varchar(1) NOT NULL,
  `IS_NONCONCURRENT` varchar(1) NOT NULL,
  `IS_UPDATE_DATA` varchar(1) NOT NULL,
  `REQUESTS_RECOVERY` varchar(1) NOT NULL,
  `JOB_DATA` blob,
  PRIMARY KEY (`SCHED_NAME`,`JOB_NAME`,`JOB_GROUP`),
  KEY `IDX_QRTZ_J_REQ_RECOVERY` (`SCHED_NAME`,`REQUESTS_RECOVERY`),
  KEY `IDX_QRTZ_J_GRP` (`SCHED_NAME`,`JOB_GROUP`)
) ENGINE=InnoDB DEFAULT CHARSET=utf8;

-- ----------------------------
-- Table structure for QRTZ_LOCKS
-- ----------------------------
DROP TABLE IF EXISTS `QRTZ_LOCKS`;
CREATE TABLE `QRTZ_LOCKS` (
  `SCHED_NAME` varchar(120) NOT NULL,
  `LOCK_NAME` varchar(40) NOT NULL,
  PRIMARY KEY (`SCHED_NAME`,`LOCK_NAME`)
) ENGINE=InnoDB DEFAULT CHARSET=utf8;

-- ----------------------------
-- Table structure for QRTZ_PAUSED_TRIGGER_GRPS
-- ----------------------------
DROP TABLE IF EXISTS `QRTZ_PAUSED_TRIGGER_GRPS`;
CREATE TABLE `QRTZ_PAUSED_TRIGGER_GRPS` (
  `SCHED_NAME` varchar(120) NOT NULL,
  `TRIGGER_GROUP` varchar(200) NOT NULL,
  PRIMARY KEY (`SCHED_NAME`,`TRIGGER_GROUP`)
) ENGINE=InnoDB DEFAULT CHARSET=utf8;

-- ----------------------------
-- Table structure for QRTZ_SCHEDULER_STATE
-- ----------------------------
DROP TABLE IF EXISTS `QRTZ_SCHEDULER_STATE`;
CREATE TABLE `QRTZ_SCHEDULER_STATE` (
  `SCHED_NAME` varchar(120) NOT NULL,
  `INSTANCE_NAME` varchar(200) NOT NULL,
  `LAST_CHECKIN_TIME` bigint(13) NOT NULL,
  `CHECKIN_INTERVAL` bigint(13) NOT NULL,
  PRIMARY KEY (`SCHED_NAME`,`INSTANCE_NAME`)
) ENGINE=InnoDB DEFAULT CHARSET=utf8;

-- ----------------------------
-- Table structure for QRTZ_SIMPLE_TRIGGERS
-- ----------------------------
DROP TABLE IF EXISTS `QRTZ_SIMPLE_TRIGGERS`;
CREATE TABLE `QRTZ_SIMPLE_TRIGGERS` (
  `SCHED_NAME` varchar(120) NOT NULL,
  `TRIGGER_NAME` varchar(200) NOT NULL,
  `TRIGGER_GROUP` varchar(200) NOT NULL,
  `REPEAT_COUNT` bigint(7) NOT NULL,
  `REPEAT_INTERVAL` bigint(12) NOT NULL,
  `TIMES_TRIGGERED` bigint(10) NOT NULL,
  PRIMARY KEY (`SCHED_NAME`,`TRIGGER_NAME`,`TRIGGER_GROUP`),
  CONSTRAINT `QRTZ_SIMPLE_TRIGGERS_IBFK_1` FOREIGN KEY (`SCHED_NAME`, `TRIGGER_NAME`, `TRIGGER_GROUP`) REFERENCES `QRTZ_TRIGGERS` (`SCHED_NAME`, `TRIGGER_NAME`, `TRIGGER_GROUP`)
) ENGINE=InnoDB DEFAULT CHARSET=utf8;

-- ----------------------------
-- Table structure for QRTZ_SIMPROP_TRIGGERS
-- ----------------------------
DROP TABLE IF EXISTS `QRTZ_SIMPROP_TRIGGERS`;
CREATE TABLE `QRTZ_SIMPROP_TRIGGERS` (
  `SCHED_NAME` varchar(120) NOT NULL,
  `TRIGGER_NAME` varchar(200) NOT NULL,
  `TRIGGER_GROUP` varchar(200) NOT NULL,
  `STR_PROP_1` varchar(512) DEFAULT NULL,
  `STR_PROP_2` varchar(512) DEFAULT NULL,
  `STR_PROP_3` varchar(512) DEFAULT NULL,
  `INT_PROP_1` int(11) DEFAULT NULL,
  `INT_PROP_2` int(11) DEFAULT NULL,
  `LONG_PROP_1` bigint(20) DEFAULT NULL,
  `LONG_PROP_2` bigint(20) DEFAULT NULL,
  `DEC_PROP_1` decimal(13,4) DEFAULT NULL,
  `DEC_PROP_2` decimal(13,4) DEFAULT NULL,
  `BOOL_PROP_1` varchar(1) DEFAULT NULL,
  `BOOL_PROP_2` varchar(1) DEFAULT NULL,
  PRIMARY KEY (`SCHED_NAME`,`TRIGGER_NAME`,`TRIGGER_GROUP`),
  CONSTRAINT `QRTZ_SIMPROP_TRIGGERS_IBFK_1` FOREIGN KEY (`SCHED_NAME`, `TRIGGER_NAME`, `TRIGGER_GROUP`) REFERENCES `QRTZ_TRIGGERS` (`SCHED_NAME`, `TRIGGER_NAME`, `TRIGGER_GROUP`)
) ENGINE=InnoDB DEFAULT CHARSET=utf8;

-- ----------------------------
-- Table structure for QRTZ_TRIGGERS
-- ----------------------------


-- ----------------------------
-- Table structure for SCHEDULE_JOB
-- ----------------------------
DROP TABLE IF EXISTS `SCHEDULE_JOB`;
CREATE TABLE `SCHEDULE_JOB` (
  `JOB_ID` varchar(32) NOT NULL COMMENT '任务id',
  `BEAN_NAME` varchar(200) DEFAULT NULL COMMENT 'SPRING BEAN名称',
  `METHOD_NAME` varchar(100) DEFAULT NULL COMMENT '方法名',
  `PARAMS` varchar(2000) DEFAULT NULL COMMENT '参数',
  `CRON_EXPRESSION` varchar(100) DEFAULT NULL COMMENT 'cron表达式',
  `STATUS` tinyint(4) DEFAULT NULL COMMENT '任务状态  0：正常  1：暂停',
  `REMARK` varchar(255) DEFAULT NULL COMMENT '备注',
  `CREATE_TIME` datetime DEFAULT NULL COMMENT '创建时间',
  PRIMARY KEY (`JOB_ID`)
) ENGINE=InnoDB DEFAULT CHARSET=utf8 COMMENT='定时任务';

-- ----------------------------
-- Table structure for SCHEDULE_JOB_log
-- ----------------------------
DROP TABLE IF EXISTS `SCHEDULE_JOB_log`;
CREATE TABLE `SCHEDULE_JOB_log` (
  `LOG_ID` varchar(32) NOT NULL COMMENT '任务日志id',
  `JOB_ID` varchar(32) NOT NULL COMMENT '任务id',
  `BEAN_NAME` varchar(200) DEFAULT NULL COMMENT 'spring bean名称',
  `METHOD_NAME` varchar(100) DEFAULT NULL COMMENT '方法名',
  `PARAMS` varchar(2000) DEFAULT NULL COMMENT '参数',
  `STATUS` tinyint(4) NOT NULL COMMENT '任务状态    0：成功    1：失败',
  `ERROR` varchar(2000) DEFAULT NULL COMMENT '失败信息',
  `TIMES` int(11) NOT NULL COMMENT '耗时(单位：毫秒)',
  `CREATE_TIME` datetime DEFAULT NULL COMMENT '创建时间',
  PRIMARY KEY (`LOG_ID`),
  KEY `JOB_ID` (`JOB_ID`)
) ENGINE=InnoDB DEFAULT CHARSET=utf8 COMMENT='定时任务日志';

-- ----------------------------
-- Table structure for SYS_CAPTCHA
-- ----------------------------
DROP TABLE IF EXISTS `SYS_CAPTCHA`;
CREATE TABLE `SYS_CAPTCHA` (
  `UUID` char(36) NOT NULL COMMENT 'uuid',
  `CODE` varchar(6) NOT NULL COMMENT '验证码',
  `EXPIRE_TIME` datetime DEFAULT NULL COMMENT '过期时间',
  PRIMARY KEY (`UUID`)
) ENGINE=InnoDB DEFAULT CHARSET=utf8 COMMENT='系统验证码';

-- ----------------------------
-- Table structure for SYS_CONFIG
-- ----------------------------
DROP TABLE IF EXISTS `SYS_CONFIG`;
CREATE TABLE `SYS_CONFIG` (
  `ID` varchar(32) NOT NULL,
  `PARAM_KEY` varchar(50) DEFAULT NULL COMMENT 'key',
  `PARAM_VALUE` varchar(2000) DEFAULT NULL COMMENT 'value',
  `STATUS` tinyint(4) DEFAULT '1' COMMENT '状态   0：隐藏   1：显示',
  `REMARK` varchar(500) DEFAULT NULL COMMENT '备注',
  PRIMARY KEY (`ID`),
  UNIQUE KEY `PARAM_KEY` (`PARAM_KEY`)
) ENGINE=InnoDB DEFAULT CHARSET=utf8 COMMENT='系统配置信息表';

-- ----------------------------
-- Table structure for SYS_DICT
-- ----------------------------
DROP TABLE IF EXISTS `SYS_DICT`;
CREATE TABLE `SYS_DICT` (
  `ID` varchar(32) NOT NULL,
  `GROUP_ID` varchar(32) DEFAULT NULL COMMENT '所属分组ID',
  `NAME` varchar(100) DEFAULT NULL COMMENT '字典名称',
  `VALUE` varchar(64) DEFAULT NULL COMMENT '字典值',
  `SORT` int(11) DEFAULT NULL COMMENT '排序号',
  `STATUS` int(11) DEFAULT NULL COMMENT '状态码',
  `REMARK` text COMMENT '备注',
  PRIMARY KEY (`ID`)
) ENGINE=InnoDB DEFAULT CHARSET=utf8 COMMENT='数据字典';

-- ----------------------------
-- Table structure for SYS_DICT_GROUP
-- ----------------------------
DROP TABLE IF EXISTS `SYS_DICT_GROUP`;
CREATE TABLE `SYS_DICT_GROUP` (
  `ID` varchar(32) NOT NULL,
  `CODE` varchar(64) NOT NULL COMMENT '分组编码',
  `NAME` varchar(100) DEFAULT NULL COMMENT '分组名称',
  `CREATE_TIME` datetime DEFAULT NULL COMMENT '创建时间',
  `REMARK` text COMMENT '备注',
  PRIMARY KEY (`ID`,`CODE`)
) ENGINE=InnoDB DEFAULT CHARSET=utf8 COMMENT='数据字典分组';

-- ----------------------------
-- Table structure for SYS_LOG
-- ----------------------------
DROP TABLE IF EXISTS `SYS_LOG`;
CREATE TABLE `SYS_LOG` (
  `ID` varchar(32) NOT NULL,
  `USER_NAME` varchar(50) DEFAULT NULL COMMENT '用户名',
  `OPERATION` varchar(50) DEFAULT NULL COMMENT '用户操作',
  `METHOD` varchar(200) DEFAULT NULL COMMENT '请求方法',
  `PARAMS` varchar(5000) DEFAULT NULL COMMENT '请求参数',
  `TIME` bigint(20) NOT NULL COMMENT '执行时长(毫秒)',
  `IP` varchar(64) DEFAULT NULL COMMENT 'IP地址',
  `CREATE_TIME` datetime DEFAULT NULL COMMENT '创建时间',
  PRIMARY KEY (`ID`)
) ENGINE=InnoDB DEFAULT CHARSET=utf8 COMMENT='系统日志';

-- ----------------------------
-- Table structure for SYS_MAIL_LOG
-- ----------------------------
DROP TABLE IF EXISTS `SYS_MAIL_LOG`;
CREATE TABLE `SYS_MAIL_LOG` (
  `ID` varchar(32) NOT NULL,
  `SENDER` varchar(100) NOT NULL COMMENT '发送人',
  `RECEIVER` varchar(4000) NOT NULL COMMENT '接收人',
  `SUBJECT` varchar(500) NOT NULL COMMENT '邮件主题',
  `CONTENT` varchar(4000) DEFAULT NULL COMMENT '发送内容',
  `SEND_DATE` datetime DEFAULT NULL COMMENT '发送时间',
  `TYPE` tinyint(4) DEFAULT NULL COMMENT '0：系统发送邮件 1：用户发送邮件',
  `SEND_RESULT` tinyint(4) DEFAULT NULL COMMENT '发送结果 0:发送成功 1:发送失败',
  `CREATE_USER_ID` varchar(32) DEFAULT NULL COMMENT '创建者ID',
  `CREATE_USER_ORG_NO` varchar(32) DEFAULT NULL COMMENT '创建人所属机构',
  PRIMARY KEY (`ID`)
) ENGINE=InnoDB DEFAULT CHARSET=utf8 COMMENT='邮件发送日志';

-- ----------------------------
-- Table structure for SYS_MENU
-- ----------------------------
DROP TABLE IF EXISTS `SYS_MENU`;
CREATE TABLE `SYS_MENU` (
  `MENU_ID` varchar(8) NOT NULL,
  `PARENT_ID` varchar(8) DEFAULT NULL COMMENT '父菜单ID，一级菜单为0',
  `NAME` varchar(50) DEFAULT NULL COMMENT '菜单名称',
  `URL` varchar(200) DEFAULT NULL COMMENT '菜单URL',
  `PERMS` varchar(500) DEFAULT NULL COMMENT '授权(多个用逗号分隔，如：user:list,user:create)',
  `TYPE` int(11) DEFAULT NULL COMMENT '类型   0：目录   1：菜单   2：按钮',
  `ICON` varchar(50) DEFAULT NULL COMMENT '菜单图标',
  `ORDER_NUM` int(11) DEFAULT NULL COMMENT '排序',
  PRIMARY KEY (`MENU_ID`)
) ENGINE=InnoDB DEFAULT CHARSET=utf8 COMMENT='菜单管理';

-- ----------------------------
-- Table structure for SYS_ORG
-- ----------------------------
DROP TABLE IF EXISTS `SYS_ORG`;
CREATE TABLE `SYS_ORG` (
  `ORG_NO` varchar(10) NOT NULL COMMENT '机构编码',
  `ORG_NAME` varchar(50) DEFAULT NULL COMMENT '机构名称',
  `PARENT_NO` varchar(10) DEFAULT NULL COMMENT '上级机构ID，一级机构为0',
  `ORG_TYPE` int(11) DEFAULT NULL COMMENT '级别',
  `STATUS` int(11) DEFAULT '1' COMMENT '状态  0：无效   1：有效',
  `SORT` int(11) DEFAULT NULL COMMENT '排序',
  `CREATE_USER_ID` varchar(32) DEFAULT NULL COMMENT '创建者ID',
  `CREATE_TIME` datetime DEFAULT NULL COMMENT '创建时间',
  PRIMARY KEY (`ORG_NO`)
) ENGINE=InnoDB DEFAULT CHARSET=utf8 COMMENT='组织机构';




-- ----------------------------
-- Table structure for SYS_OSS
-- ----------------------------
DROP TABLE IF EXISTS `SYS_OSS`;
CREATE TABLE `SYS_OSS` (
  `ID` varchar(32) NOT NULL,
  `URL` varchar(200) DEFAULT NULL COMMENT 'URL地址',
  `CREATE_DATE` datetime DEFAULT NULL COMMENT '创建时间',
  PRIMARY KEY (`ID`)
) ENGINE=InnoDB DEFAULT CHARSET=utf8 COMMENT='文件上传';

-- ----------------------------
-- Table structure for SYS_ROLE
-- ----------------------------
DROP TABLE IF EXISTS `SYS_ROLE`;
CREATE TABLE `SYS_ROLE` (
  `ROLE_ID` varchar(32) NOT NULL,
  `ROLE_NAME` varchar(100) DEFAULT NULL COMMENT '角色名称',
  `REMARK` varchar(100) DEFAULT NULL COMMENT '备注',
  `CREATE_USER_ID` varchar(32) DEFAULT NULL COMMENT '创建者ID',
  `CREATE_USER_ORG_NO` varchar(32) DEFAULT NULL COMMENT '创建者所属机构',
  `CREATE_TIME` datetime DEFAULT NULL COMMENT '创建时间',
  PRIMARY KEY (`ROLE_ID`)
) ENGINE=InnoDB DEFAULT CHARSET=utf8 COMMENT='角色';

-- ----------------------------
-- Table structure for SYS_ROLE_MENU
-- ----------------------------
DROP TABLE IF EXISTS `SYS_ROLE_MENU`;
CREATE TABLE `SYS_ROLE_MENU` (
  `ID` varchar(32) NOT NULL,
  `ROLE_ID` varchar(32) DEFAULT NULL COMMENT '角色ID',
  `MENU_ID` varchar(8) DEFAULT NULL COMMENT '菜单ID',
  PRIMARY KEY (`ID`)
) ENGINE=InnoDB DEFAULT CHARSET=utf8 COMMENT='角色与菜单对应关系';

-- ----------------------------
-- Table structure for SYS_ROLE_ORG
-- ----------------------------
DROP TABLE IF EXISTS `SYS_ROLE_ORG`;
CREATE TABLE `SYS_ROLE_ORG` (
  `ID` varchar(32) NOT NULL,
  `ROLE_ID` varchar(32) DEFAULT NULL COMMENT '角色ID',
  `ORG_NO` varchar(32) DEFAULT NULL COMMENT '机构ID',
  PRIMARY KEY (`ID`)
) ENGINE=InnoDB DEFAULT CHARSET=utf8 COMMENT='角色与机构对应关系';

-- ----------------------------
-- Table structure for SYS_SMS_LOG
-- ----------------------------
DROP TABLE IF EXISTS `SYS_SMS_LOG`;
CREATE TABLE `SYS_SMS_LOG` (
  `ID` varchar(32) NOT NULL COMMENT '主键',
  `USER_ID` varchar(32) DEFAULT NULL COMMENT '操作人ID',
  `CONTENT` text COMMENT '必填参数。发送内容（1-500 个汉字）UTF-8编码',
  `MOBILE` text COMMENT '必填参数。手机号码。多个以英文逗号隔开',
  `STIME` datetime DEFAULT NULL COMMENT '可选参数。发送时间，填写时已填写的时间发送，不填时为当前时间发送',
  `SIGN` varchar(32) DEFAULT NULL COMMENT '必填参数。用户签名',
  `TYPE` varchar(32) DEFAULT NULL COMMENT '必填参数。固定值 PT',
  `EXTNO` varchar(255) DEFAULT NULL COMMENT '可选参数。扩展码，用户定义扩展码，只能为数字',
  `SEND_STATUS` int(1) DEFAULT NULL COMMENT '1成功 0失败',
  `SEND_ID` varchar(32) DEFAULT NULL COMMENT '发送编号',
  `INVALID_NUM` int(11) DEFAULT NULL COMMENT '无效号码数',
  `SUCCESS_NUM` int(11) DEFAULT NULL COMMENT '成功提交数',
  `BLACK_NUM` int(11) DEFAULT NULL COMMENT '黑名单数',
  `RETURN_MSG` varchar(50) DEFAULT NULL COMMENT '返回消息',
  PRIMARY KEY (`ID`)
) ENGINE=InnoDB DEFAULT CHARSET=utf8 COMMENT='短信发送日志';

-- ----------------------------
-- Table structure for SYS_USER
-- ----------------------------
DROP TABLE IF EXISTS `SYS_USER`;
CREATE TABLE `SYS_USER` (
  `USER_ID` varchar(32) NOT NULL,
  `U_ID` bigint(20) NOT NULL AUTO_INCREMENT,
  `USER_NAME` varchar(50) NOT NULL COMMENT '用户名',
  `REAL_NAME` varchar(64) NOT NULL,
  `SEX` tinyint(4) NOT NULL,
  `ORG_NO` varchar(32) DEFAULT NULL COMMENT '机构编码',
  `SALT` varchar(20) DEFAULT NULL COMMENT '盐',
  `EMAIL_HOST` varchar(32) DEFAULT NULL COMMENT '邮件服务器地址',
  `EMAIL` varchar(100) DEFAULT NULL COMMENT '邮箱',
  `EMAIL_PW` varchar(64) DEFAULT NULL COMMENT '用户邮箱密码',
  `MOBILE` varchar(100) DEFAULT NULL COMMENT '手机号',
  `PROMOTION_CODE` varchar(16) DEFAULT NULL COMMENT '推广码',
  `PROMOTION_LEVEL` char(1) DEFAULT NULL COMMENT '推广等级',
  `CHIEF_ID` bigint(20) DEFAULT NULL COMMENT '总监ID',
  `BOSS_ID` bigint(20) DEFAULT NULL COMMENT '老总ID',
  `STATUS` tinyint(4) DEFAULT NULL COMMENT '状态  0：禁用   1：正常',
  `PASSWORD` varchar(100) DEFAULT NULL COMMENT '密码',
  `CREATE_USER_ID` varchar(32) DEFAULT NULL COMMENT '创建者ID',
  `CREATE_USER_ORG_NO` varchar(32) DEFAULT NULL COMMENT '创建人所属机构',
  `CREATE_TIME` datetime DEFAULT NULL COMMENT '创建时间',
  PRIMARY KEY (`USER_ID`),
  UNIQUE KEY `USERNAME` (`USER_NAME`),
  UNIQUE KEY `UID` (`U_ID`)
) ENGINE=InnoDB AUTO_INCREMENT=90 DEFAULT CHARSET=utf8 COMMENT='系统用户';

-- ----------------------------
-- Table structure for SYS_USER_ROLE
-- ----------------------------
DROP TABLE IF EXISTS `SYS_USER_ROLE`;
CREATE TABLE `SYS_USER_ROLE` (
  `ID` varchar(32) NOT NULL,
  `USER_ID` varchar(32) DEFAULT NULL COMMENT '用户ID',
  `ROLE_ID` varchar(32) DEFAULT NULL COMMENT '角色ID',
  PRIMARY KEY (`ID`)
) ENGINE=InnoDB DEFAULT CHARSET=utf8 COMMENT='用户与角色对应关系';

-- ----------------------------
-- Table structure for SYS_USER_TOKEN
-- ----------------------------
DROP TABLE IF EXISTS `SYS_USER_TOKEN`;
CREATE TABLE `SYS_USER_TOKEN` (
  `USER_ID` varchar(32) NOT NULL,
  `TOKEN` varchar(100) NOT NULL COMMENT 'TOKEN',
  `EXPIRE_TIME` datetime DEFAULT NULL COMMENT '过期时间',
  `UPDATE_TIME` datetime DEFAULT NULL COMMENT '更新时间',
  PRIMARY KEY (`USER_ID`),
  UNIQUE KEY `TOKEN` (`TOKEN`)
) ENGINE=InnoDB DEFAULT CHARSET=utf8 COMMENT='系统用户Token';




-- ----------------------------
-- Table structure for SYS_CONFIG
-- ----------------------------
DROP TABLE IF EXISTS `SYS_CONFIG`;
CREATE TABLE `SYS_CONFIG` (
  `ID` varchar(32) NOT NULL,
  `PARAM_KEY` varchar(50) DEFAULT NULL COMMENT 'key',
  `PARAM_VALUE` varchar(2000) DEFAULT NULL COMMENT 'value',
  `STATUS` tinyint(4) DEFAULT '1' COMMENT '状态   0：隐藏   1：显示',
  `REMARK` varchar(500) DEFAULT NULL COMMENT '备注',
  PRIMARY KEY (`ID`),
  UNIQUE KEY `PARAM_KEY` (`PARAM_KEY`)
) ENGINE=InnoDB DEFAULT CHARSET=utf8 COMMENT='系统配置信息表';

-- ----------------------------
-- Records of SYS_CONFIG
-- ----------------------------
BEGIN;
INSERT INTO `SYS_CONFIG` VALUES ('1', 'CLOUD_STORAGE_CONFIG_KEY', '{\"type\":4,\"qiniuDomain\":\"\",\"qiniuPrefix\":\"\",\"qiniuAccessKey\":\"\",\"qiniuSecretKey\":\"\",\"qiniuBucketName\":\"\",\"aliyunDomain\":\"\",\"aliyunPrefix\":\"\",\"aliyunEndPoint\":\"\",\"aliyunAccessKeyId\":\"\",\"aliyunAccessKeySecret\":\"\",\"aliyunBucketName\":\"\",\"qcloudDomain\":\"\",\"qcloudPrefix\":\"\",\"qcloudSecretId\":\"\",\"qcloudSecretKey\":\"\",\"qcloudBucketName\":\"\",\"diskPath\":\"/usr/local/nginx/html/upload\",\"proxyServer\":\"http://132.232.89.47/upload\"}', 0, '云存储配置信息');
INSERT INTO `SYS_CONFIG` VALUES ('2', 'SMS_CONFIG_KEY', '{\"domain\":\"http://web.cr6868.com/asmx/smsservice.aspx?\",\"name\":\"lipengjun\",\"pwd\":\"\",\"sign\":\"【微同工作室】\",\"type\":1}', 0, '短信配置');
COMMIT;

-- ----------------------------
-- Table structure for SYS_DICT
-- ----------------------------
DROP TABLE IF EXISTS `SYS_DICT`;
CREATE TABLE `SYS_DICT` (
  `ID` varchar(32) NOT NULL,
  `GROUP_ID` varchar(32) DEFAULT NULL COMMENT '所属分组ID',
  `NAME` varchar(100) DEFAULT NULL COMMENT '字典名称',
  `VALUE` varchar(64) DEFAULT NULL COMMENT '字典值',
  `SORT` int(11) DEFAULT NULL COMMENT '排序号',
  `STATUS` int(11) DEFAULT NULL COMMENT '状态码',
  `REMARK` text COMMENT '备注',
  PRIMARY KEY (`ID`)
) ENGINE=InnoDB DEFAULT CHARSET=utf8 COMMENT='数据字典';

-- ----------------------------
-- Records of SYS_DICT
-- ----------------------------
BEGIN;
INSERT INTO `SYS_DICT` VALUES ('37f73ea6b07c40ab8baec7f58b10e69e', '0b5e3fc9c30a4839a881bef0f85fc8af', '男', '1', 1, 1, NULL);
INSERT INTO `SYS_DICT` VALUES ('7936bc509417490ba0df9d938ccd1ce4', '2bbfcb36f9414b71a5d65f497be93496', '是', '1', 1, 1, NULL);
INSERT INTO `SYS_DICT` VALUES ('979439be76954bc1852fdf2aeccf3cbc', '0b5e3fc9c30a4839a881bef0f85fc8af', '未知', '3', 3, 1, NULL);
INSERT INTO `SYS_DICT` VALUES ('f6cf775c5cea4c7b8858eb2ce0501177', '2bbfcb36f9414b71a5d65f497be93496', '否', '0', 2, 1, NULL);
INSERT INTO `SYS_DICT` VALUES ('fc982423addd41e3852c70f8396a0c6c', '0b5e3fc9c30a4839a881bef0f85fc8af', '女', '2', 2, 1, NULL);
COMMIT;

-- ----------------------------
-- Table structure for SYS_DICT_GROUP
-- ----------------------------
DROP TABLE IF EXISTS `SYS_DICT_GROUP`;
CREATE TABLE `SYS_DICT_GROUP` (
  `ID` varchar(32) NOT NULL,
  `CODE` varchar(64) NOT NULL COMMENT '分组编码',
  `NAME` varchar(100) DEFAULT NULL COMMENT '分组名称',
  `CREATE_TIME` datetime DEFAULT NULL COMMENT '创建时间',
  `REMARK` text COMMENT '备注',
  PRIMARY KEY (`ID`,`CODE`)
) ENGINE=InnoDB DEFAULT CHARSET=utf8 COMMENT='数据字典分组';

-- ----------------------------
-- Records of SYS_DICT_GROUP
-- ----------------------------
BEGIN;
INSERT INTO `SYS_DICT_GROUP` VALUES ('0b5e3fc9c30a4839a881bef0f85fc8af', 'SEX', '性别', NULL, '性别，1：男 2：女 3：未知');
INSERT INTO `SYS_DICT_GROUP` VALUES ('2bbfcb36f9414b71a5d65f497be93496', 'IS_NOT', '是否', NULL, '1：是 0：否');
COMMIT;

-- ----------------------------
-- Table structure for SYS_ORG
-- ----------------------------
DROP TABLE IF EXISTS `SYS_ORG`;
CREATE TABLE `SYS_ORG` (
  `ORG_NO` varchar(10) NOT NULL COMMENT '机构编码',
  `ORG_NAME` varchar(50) DEFAULT NULL COMMENT '机构名称',
  `PARENT_NO` varchar(10) DEFAULT NULL COMMENT '上级机构ID，一级机构为0',
  `ORG_TYPE` int(11) DEFAULT NULL COMMENT '级别',
  `STATUS` int(11) DEFAULT '1' COMMENT '状态  0：无效   1：有效',
  `SORT` int(11) DEFAULT NULL COMMENT '排序',
  `CREATE_USER_ID` varchar(32) DEFAULT NULL COMMENT '创建者ID',
  `CREATE_TIME` datetime DEFAULT NULL COMMENT '创建时间',
  PRIMARY KEY (`ORG_NO`)
) ENGINE=InnoDB DEFAULT CHARSET=utf8 COMMENT='组织机构';

-- ----------------------------
-- Records of SYS_ORG
-- ----------------------------
BEGIN;
INSERT INTO `SYS_ORG` VALUES ('01', '中华人民共和国国务院', '0', 1, 1, 0, '1', '2019-01-21 16:53:32');
COMMIT;

-- ----------------------------
-- Table structure for SYS_ROLE
-- ----------------------------
DROP TABLE IF EXISTS `SYS_ROLE`;
CREATE TABLE `SYS_ROLE` (
  `ROLE_ID` varchar(32) NOT NULL,
  `ROLE_NAME` varchar(100) DEFAULT NULL COMMENT '角色名称',
  `REMARK` varchar(100) DEFAULT NULL COMMENT '备注',
  `CREATE_USER_ID` varchar(32) DEFAULT NULL COMMENT '创建者ID',
  `CREATE_USER_ORG_NO` varchar(32) DEFAULT NULL COMMENT '创建者所属机构',
  `CREATE_TIME` datetime DEFAULT NULL COMMENT '创建时间',
  PRIMARY KEY (`ROLE_ID`)
) ENGINE=InnoDB DEFAULT CHARSET=utf8 COMMENT='角色';

-- ----------------------------
-- Records of SYS_ROLE
-- ----------------------------
BEGIN;
INSERT INTO `SYS_ROLE` VALUES ('2d6efc32fbd21f6a309959e92084a787', '总监', '总监', '1', '01', '2019-11-28 11:43:04');
INSERT INTO `SYS_ROLE` VALUES ('4bc32f725ca7aed1efcadc78c5af75a2', '推广员', '推广员', '1', '01', '2019-11-28 11:43:32');
INSERT INTO `SYS_ROLE` VALUES ('d0655c10a69d1c7315c2715e5d2b3053', '老总', '老总', '1', '01', '2019-11-28 11:41:57');
INSERT INTO `SYS_ROLE` VALUES ('fd4b9ddc48302768d08bbd264a125968', '管理员', '管理员', '1', '01', '2019-11-28 11:17:06');
COMMIT;

-- ----------------------------
-- Table structure for SYS_ROLE_MENU
-- ----------------------------
DROP TABLE IF EXISTS `SYS_ROLE_MENU`;
CREATE TABLE `SYS_ROLE_MENU` (
  `ID` varchar(32) NOT NULL,
  `ROLE_ID` varchar(32) DEFAULT NULL COMMENT '角色ID',
  `MENU_ID` varchar(8) DEFAULT NULL COMMENT '菜单ID',
  PRIMARY KEY (`ID`)
) ENGINE=InnoDB DEFAULT CHARSET=utf8 COMMENT='角色与菜单对应关系';

-- ----------------------------
-- Records of SYS_ROLE_MENU
-- ----------------------------
BEGIN;
INSERT INTO `SYS_ROLE_MENU` VALUES ('07265c1523560a0220cbcb7eeb2c87ae', 'd0655c10a69d1c7315c2715e5d2b3053', '1808');
INSERT INTO `SYS_ROLE_MENU` VALUES ('0afd69b0d1b64c20f1fc48b994f2cce5', 'fd4b9ddc48302768d08bbd264a125968', '1101');
INSERT INTO `SYS_ROLE_MENU` VALUES ('0bbc03e15cca7d6e6c18031935ceeb87', '2d6efc32fbd21f6a309959e92084a787', '180402');
INSERT INTO `SYS_ROLE_MENU` VALUES ('0c03ff0e9329ddf98aa76351adca61d1', 'fd4b9ddc48302768d08bbd264a125968', '100302');
INSERT INTO `SYS_ROLE_MENU` VALUES ('0ca629ecb7f825add481b36533895bfa', 'fd4b9ddc48302768d08bbd264a125968', '100203');
INSERT INTO `SYS_ROLE_MENU` VALUES ('10f512b802e57ee330ac5719b828d15e', 'fd4b9ddc48302768d08bbd264a125968', '100301');
INSERT INTO `SYS_ROLE_MENU` VALUES ('12409b8e74798d459bd4ede7abd2fa8e', '2d6efc32fbd21f6a309959e92084a787', '1804');
INSERT INTO `SYS_ROLE_MENU` VALUES ('134379273f4aa6a4bd0395ead4e1d575', 'fd4b9ddc48302768d08bbd264a125968', '130101');
INSERT INTO `SYS_ROLE_MENU` VALUES ('1b1c8e33d7e44c4ec55771dccd97bf96', 'fd4b9ddc48302768d08bbd264a125968', '110102');
INSERT INTO `SYS_ROLE_MENU` VALUES ('1c2c1d888656c5adfcda25a9674fa954', 'd0655c10a69d1c7315c2715e5d2b3053', '180201');
INSERT INTO `SYS_ROLE_MENU` VALUES ('1d2d99449703d80e90d7347f28413f6b', 'fd4b9ddc48302768d08bbd264a125968', '1704');
INSERT INTO `SYS_ROLE_MENU` VALUES ('216b406eee1893bdbc209621eec96e7e', 'fd4b9ddc48302768d08bbd264a125968', '160102');
INSERT INTO `SYS_ROLE_MENU` VALUES ('2317bd8141c8ec331dc8922a32a74c33', 'fd4b9ddc48302768d08bbd264a125968', '17');
INSERT INTO `SYS_ROLE_MENU` VALUES ('24e64e26615e3d783b3b190a9bc7eb50', 'fd4b9ddc48302768d08bbd264a125968', '130104');
INSERT INTO `SYS_ROLE_MENU` VALUES ('252f3c68e6f7a699b8ea6c586a7cbc99', 'fd4b9ddc48302768d08bbd264a125968', '1102');
INSERT INTO `SYS_ROLE_MENU` VALUES ('278d3a5cf0b860a1f875e72b1009cddf', 'fd4b9ddc48302768d08bbd264a125968', '100103');
INSERT INTO `SYS_ROLE_MENU` VALUES ('2826de3cf09085a9164bccc7bbfb98f8', 'fd4b9ddc48302768d08bbd264a125968', '1807');
INSERT INTO `SYS_ROLE_MENU` VALUES ('28904c6a3630129d81f6ac8e95cefcab', 'fd4b9ddc48302768d08bbd264a125968', '100503');
INSERT INTO `SYS_ROLE_MENU` VALUES ('2cf87d74bf6ac70805f677883a316288', '4bc32f725ca7aed1efcadc78c5af75a2', '1805');
INSERT INTO `SYS_ROLE_MENU` VALUES ('30d335aaad80d8c5828ef121c4ed2ae3', '4bc32f725ca7aed1efcadc78c5af75a2', '180501');
INSERT INTO `SYS_ROLE_MENU` VALUES ('313b72d2ae1fb4f9a9ff0125018307ae', 'fd4b9ddc48302768d08bbd264a125968', '130102');
INSERT INTO `SYS_ROLE_MENU` VALUES ('326a8f7244b34fc9f30581c96bd6d477', 'fd4b9ddc48302768d08bbd264a125968', '18');
INSERT INTO `SYS_ROLE_MENU` VALUES ('337a2408c85683fc6c605c298c5065ae', 'fd4b9ddc48302768d08bbd264a125968', '110101');
INSERT INTO `SYS_ROLE_MENU` VALUES ('3cf7e8d5df15efe737091233ce1e4fb3', 'fd4b9ddc48302768d08bbd264a125968', '11');
INSERT INTO `SYS_ROLE_MENU` VALUES ('421fc3e9e99a33fe02689a9de7bc60e3', 'fd4b9ddc48302768d08bbd264a125968', '100101');
INSERT INTO `SYS_ROLE_MENU` VALUES ('43f74ac5ba5fb7b29b105b2d0d59d048', 'fd4b9ddc48302768d08bbd264a125968', '130106');
INSERT INTO `SYS_ROLE_MENU` VALUES ('43fd4a9c515e39470180a5feb605e7fa', 'fd4b9ddc48302768d08bbd264a125968', '180401');
INSERT INTO `SYS_ROLE_MENU` VALUES ('491a0875ba72837431ab22cb7099608e', 'fd4b9ddc48302768d08bbd264a125968', '1003');
INSERT INTO `SYS_ROLE_MENU` VALUES ('50da15278843777ba018431f7bb034c3', 'fd4b9ddc48302768d08bbd264a125968', '100403');
INSERT INTO `SYS_ROLE_MENU` VALUES ('5257b0edc27205a00f4b03f5e7eb9edd', '2d6efc32fbd21f6a309959e92084a787', '1808');
INSERT INTO `SYS_ROLE_MENU` VALUES ('57ed454a68658bbee716303701750e28', 'fd4b9ddc48302768d08bbd264a125968', '100405');
INSERT INTO `SYS_ROLE_MENU` VALUES ('5d1f21d35e2b3ab69aedf4ac2c8821e0', 'fd4b9ddc48302768d08bbd264a125968', '110202');
INSERT INTO `SYS_ROLE_MENU` VALUES ('5f765db8c4fab533cff8ff9947096452', 'fd4b9ddc48302768d08bbd264a125968', '130107');
INSERT INTO `SYS_ROLE_MENU` VALUES ('616b7b1de70cc9ffce7b58cb7d39908e', 'd0655c10a69d1c7315c2715e5d2b3053', '1802');
INSERT INTO `SYS_ROLE_MENU` VALUES ('62740f0a42a2be46143dcf1d370f59d9', 'fd4b9ddc48302768d08bbd264a125968', '1010');
INSERT INTO `SYS_ROLE_MENU` VALUES ('630093c90dcd7bf48c1a7b5f1ead99eb', 'fd4b9ddc48302768d08bbd264a125968', '13');
INSERT INTO `SYS_ROLE_MENU` VALUES ('662aefe8328e6625df28d1cb64c12672', 'fd4b9ddc48302768d08bbd264a125968', '1301');
INSERT INTO `SYS_ROLE_MENU` VALUES ('66a1f4d6eae8ba076fa8681f83bc3897', 'fd4b9ddc48302768d08bbd264a125968', '100202');
INSERT INTO `SYS_ROLE_MENU` VALUES ('683f59ab7523b1e4f4fa75ea4fdae07d', 'fd4b9ddc48302768d08bbd264a125968', '100303');
INSERT INTO `SYS_ROLE_MENU` VALUES ('6cef072d7396898b1cc77d21e879e609', '2d6efc32fbd21f6a309959e92084a787', '180401');
INSERT INTO `SYS_ROLE_MENU` VALUES ('6da36bfd618b219f89d42aff543d0225', 'fd4b9ddc48302768d08bbd264a125968', '16');
INSERT INTO `SYS_ROLE_MENU` VALUES ('6faa90738282111c8e07cb78d2a641b1', 'fd4b9ddc48302768d08bbd264a125968', '130103');
INSERT INTO `SYS_ROLE_MENU` VALUES ('707814eddde6b4520f9031b66438dcf3', 'fd4b9ddc48302768d08bbd264a125968', '100501');
INSERT INTO `SYS_ROLE_MENU` VALUES ('7dce1f9319628eea27f03fd5d3ef56df', 'd0655c10a69d1c7315c2715e5d2b3053', '1805');
INSERT INTO `SYS_ROLE_MENU` VALUES ('82d80641ca869c36e33cf63333e67cae', 'd0655c10a69d1c7315c2715e5d2b3053', '1701');
INSERT INTO `SYS_ROLE_MENU` VALUES ('83abba68282a259de185caec7cee6371', '4bc32f725ca7aed1efcadc78c5af75a2', '1801');
INSERT INTO `SYS_ROLE_MENU` VALUES ('87cbc144495a98376927514ab0ea3063', 'd0655c10a69d1c7315c2715e5d2b3053', '180501');
INSERT INTO `SYS_ROLE_MENU` VALUES ('894cc333991d5d7664a451eca325703d', 'fd4b9ddc48302768d08bbd264a125968', '1601');
INSERT INTO `SYS_ROLE_MENU` VALUES ('897b25b97e0027df7d48fd7e59022361', 'fd4b9ddc48302768d08bbd264a125968', '1703');
INSERT INTO `SYS_ROLE_MENU` VALUES ('8a0f8de2b8082bbdd91b707484d8c6ef', 'fd4b9ddc48302768d08bbd264a125968', '1701');
INSERT INTO `SYS_ROLE_MENU` VALUES ('8a17c4957d0c2d30f4056e0ad8810f27', 'fd4b9ddc48302768d08bbd264a125968', '1805');
INSERT INTO `SYS_ROLE_MENU` VALUES ('8a59ca6aeb3020e7a5755468e3ea7679', 'fd4b9ddc48302768d08bbd264a125968', '100402');
INSERT INTO `SYS_ROLE_MENU` VALUES ('8c358f5b5377d5dd9a34889edb079354', '4bc32f725ca7aed1efcadc78c5af75a2', '1808');
INSERT INTO `SYS_ROLE_MENU` VALUES ('8eceb766a98c02d3ebfbc5e5120ced65', 'fd4b9ddc48302768d08bbd264a125968', '1502');
INSERT INTO `SYS_ROLE_MENU` VALUES ('90b65a080956afd700de6023c68b4c5d', 'fd4b9ddc48302768d08bbd264a125968', '160101');
INSERT INTO `SYS_ROLE_MENU` VALUES ('94b36efdff777ead6ae0b245500f9ac5', '2d6efc32fbd21f6a309959e92084a787', '1805');
INSERT INTO `SYS_ROLE_MENU` VALUES ('95f87d8f84641f0ab3c2ad086fcf2acc', 'fd4b9ddc48302768d08bbd264a125968', '1808');
INSERT INTO `SYS_ROLE_MENU` VALUES ('962d1c2109a1dce35294491dad6c9993', '2d6efc32fbd21f6a309959e92084a787', '1806');
INSERT INTO `SYS_ROLE_MENU` VALUES ('96cd745c755b5bedad0c9f0addb203b5', 'fd4b9ddc48302768d08bbd264a125968', '110103');
INSERT INTO `SYS_ROLE_MENU` VALUES ('9775e803201e779626b17a5787651f11', 'fd4b9ddc48302768d08bbd264a125968', '130105');
INSERT INTO `SYS_ROLE_MENU` VALUES ('977c13e9d8eecc02c07e530b8e5b98b3', 'fd4b9ddc48302768d08bbd264a125968', '100406');
INSERT INTO `SYS_ROLE_MENU` VALUES ('98d8e4c02c4f9c8ce7c0ab6e8ceb479e', '2d6efc32fbd21f6a309959e92084a787', '18');
INSERT INTO `SYS_ROLE_MENU` VALUES ('a2f93b6f512bdb58557aa367660d190d', 'fd4b9ddc48302768d08bbd264a125968', '1804');
INSERT INTO `SYS_ROLE_MENU` VALUES ('a3873ad230f81d12ebcec1b470872ccd', 'fd4b9ddc48302768d08bbd264a125968', '15');
INSERT INTO `SYS_ROLE_MENU` VALUES ('aa77a08ecfde19d15b132a05ba773622', 'd0655c10a69d1c7315c2715e5d2b3053', '18');
INSERT INTO `SYS_ROLE_MENU` VALUES ('b25fa9914cc55eff3e1f61d2876245dd', 'fd4b9ddc48302768d08bbd264a125968', '1802');
INSERT INTO `SYS_ROLE_MENU` VALUES ('b67a9941cef109f65f00eb3ddbcf9287', 'fd4b9ddc48302768d08bbd264a125968', '180201');
INSERT INTO `SYS_ROLE_MENU` VALUES ('c2da2a4cd4d2ab07f3c9b64b7526cb16', 'fd4b9ddc48302768d08bbd264a125968', '100404');
INSERT INTO `SYS_ROLE_MENU` VALUES ('c5d6b539ea61edd2b4d4b684f08f6850', 'd0655c10a69d1c7315c2715e5d2b3053', '180203');
INSERT INTO `SYS_ROLE_MENU` VALUES ('c703ec44e602a059cb57ba0e6f1c6213', 'fd4b9ddc48302768d08bbd264a125968', '150201');
INSERT INTO `SYS_ROLE_MENU` VALUES ('c791373ccb3ef85cb1afee3c429e3878', '2d6efc32fbd21f6a309959e92084a787', '180403');
INSERT INTO `SYS_ROLE_MENU` VALUES ('ca53cfd94bb43961908603be629e9b31', 'fd4b9ddc48302768d08bbd264a125968', '110203');
INSERT INTO `SYS_ROLE_MENU` VALUES ('cc8c00495625d02aeeeeaa885226d52e', 'fd4b9ddc48302768d08bbd264a125968', '100401');
INSERT INTO `SYS_ROLE_MENU` VALUES ('d0cb126ae7504c5bdd3cd3790fac1e7d', 'fd4b9ddc48302768d08bbd264a125968', '1501');
INSERT INTO `SYS_ROLE_MENU` VALUES ('d7ff7409963bf27910e9eb43abba660b', 'fd4b9ddc48302768d08bbd264a125968', '170101');
INSERT INTO `SYS_ROLE_MENU` VALUES ('d81a54abd15c6d4a0e9cc80002d5924c', 'fd4b9ddc48302768d08bbd264a125968', '110104');
INSERT INTO `SYS_ROLE_MENU` VALUES ('def41c548ae208e0ed1fc3e6f64ff194', '2d6efc32fbd21f6a309959e92084a787', '180501');
INSERT INTO `SYS_ROLE_MENU` VALUES ('dff5102672b96ac98fe2b32d5e4f5f2d', 'd0655c10a69d1c7315c2715e5d2b3053', '1807');
INSERT INTO `SYS_ROLE_MENU` VALUES ('e13d1bb60a0947e5c28b40503d337776', 'd0655c10a69d1c7315c2715e5d2b3053', '170101');
INSERT INTO `SYS_ROLE_MENU` VALUES ('e2c937d382f575c9410731deb855adc8', 'fd4b9ddc48302768d08bbd264a125968', '1702');
INSERT INTO `SYS_ROLE_MENU` VALUES ('e3a290129eeccddb3b57a13f302fdaae', 'fd4b9ddc48302768d08bbd264a125968', '100201');
INSERT INTO `SYS_ROLE_MENU` VALUES ('e4f969d7f9e4e587896646878dffc69d', 'fd4b9ddc48302768d08bbd264a125968', '1801');
INSERT INTO `SYS_ROLE_MENU` VALUES ('e8012e2c8d31413bcb5e34170475d360', 'fd4b9ddc48302768d08bbd264a125968', '110201');
INSERT INTO `SYS_ROLE_MENU` VALUES ('e8b011063c82fdac4d128f7b1ecfdbbc', 'fd4b9ddc48302768d08bbd264a125968', '180501');
INSERT INTO `SYS_ROLE_MENU` VALUES ('eda3d486965258d92c9158d180a2b335', 'fd4b9ddc48302768d08bbd264a125968', '10');
INSERT INTO `SYS_ROLE_MENU` VALUES ('eee550d63d3924c44cfd01d233490ce1', 'fd4b9ddc48302768d08bbd264a125968', '100502');
INSERT INTO `SYS_ROLE_MENU` VALUES ('f10df353e93df9a2ae7238031c8581be', 'fd4b9ddc48302768d08bbd264a125968', '1006');
INSERT INTO `SYS_ROLE_MENU` VALUES ('f31acb8b527b6d605d01a8e1e287c7e8', 'fd4b9ddc48302768d08bbd264a125968', '1806');
INSERT INTO `SYS_ROLE_MENU` VALUES ('f593d07a20160beeaedcfab8336849d4', 'fd4b9ddc48302768d08bbd264a125968', '100102');
INSERT INTO `SYS_ROLE_MENU` VALUES ('f637c896755a9eeb9cabfded5940d895', '4bc32f725ca7aed1efcadc78c5af75a2', '18');
INSERT INTO `SYS_ROLE_MENU` VALUES ('f6a94d182845328da77181449cb0e0a1', 'fd4b9ddc48302768d08bbd264a125968', '1002');
INSERT INTO `SYS_ROLE_MENU` VALUES ('f77b19a87de545ad74ed4cb776024864', 'fd4b9ddc48302768d08bbd264a125968', '1004');
INSERT INTO `SYS_ROLE_MENU` VALUES ('f845a47b81866a7779e3f188eebed283', 'fd4b9ddc48302768d08bbd264a125968', '1001');
INSERT INTO `SYS_ROLE_MENU` VALUES ('f8b5ccd05360656a712792650e7f0742', 'fd4b9ddc48302768d08bbd264a125968', '150101');
INSERT INTO `SYS_ROLE_MENU` VALUES ('f8d3d837e5250e3ee265ede74add0396', 'd0655c10a69d1c7315c2715e5d2b3053', '180202');
INSERT INTO `SYS_ROLE_MENU` VALUES ('fa7fac0dffb23c36fba02b4be73019a9', 'fd4b9ddc48302768d08bbd264a125968', '1005');
COMMIT;

-- ----------------------------
-- Table structure for SYS_ROLE_ORG
-- ----------------------------
DROP TABLE IF EXISTS `SYS_ROLE_ORG`;
CREATE TABLE `SYS_ROLE_ORG` (
  `ID` varchar(32) NOT NULL,
  `ROLE_ID` varchar(32) DEFAULT NULL COMMENT '角色ID',
  `ORG_NO` varchar(32) DEFAULT NULL COMMENT '机构ID',
  PRIMARY KEY (`ID`)
) ENGINE=InnoDB DEFAULT CHARSET=utf8 COMMENT='角色与机构对应关系';

-- ----------------------------
-- Records of SYS_ROLE_ORG
-- ----------------------------
BEGIN;
INSERT INTO `SYS_ROLE_ORG` VALUES ('54dd260ece177ff032675000d87dc484', '2d6efc32fbd21f6a309959e92084a787', '01');
INSERT INTO `SYS_ROLE_ORG` VALUES ('9356723e845afbc5a13beb38489db5fd', '4bc32f725ca7aed1efcadc78c5af75a2', '01');
INSERT INTO `SYS_ROLE_ORG` VALUES ('c4b255392de5bf7a3a761aaada1b19d2', 'd0655c10a69d1c7315c2715e5d2b3053', '01');
INSERT INTO `SYS_ROLE_ORG` VALUES ('ea410be195812f53dff8678d7f055ce3', 'fd4b9ddc48302768d08bbd264a125968', '01');
COMMIT;

-- ----------------------------
-- Table structure for SYS_USER
-- ----------------------------
DROP TABLE IF EXISTS `SYS_USER`;
CREATE TABLE `SYS_USER` (
  `USER_ID` varchar(32) NOT NULL,
  `U_ID` bigint(20) NOT NULL AUTO_INCREMENT,
  `USER_NAME` varchar(50) NOT NULL COMMENT '用户名',
  `REAL_NAME` varchar(64) NOT NULL,
  `SEX` tinyint(4) NOT NULL,
  `ORG_NO` varchar(32) DEFAULT NULL COMMENT '机构编码',
  `SALT` varchar(20) DEFAULT NULL COMMENT '盐',
  `EMAIL_HOST` varchar(32) DEFAULT NULL COMMENT '邮件服务器地址',
  `EMAIL` varchar(100) DEFAULT NULL COMMENT '邮箱',
  `EMAIL_PW` varchar(64) DEFAULT NULL COMMENT '用户邮箱密码',
  `MOBILE` varchar(100) DEFAULT NULL COMMENT '手机号',
  `PROMOTION_CODE` varchar(16) DEFAULT NULL COMMENT '推广码',
  `PROMOTION_LEVEL` char(1) DEFAULT NULL COMMENT '推广等级',
  `CHIEF_ID` bigint(20) DEFAULT NULL COMMENT '总监ID',
  `BOSS_ID` bigint(20) DEFAULT NULL COMMENT '老总ID',
  `STATUS` tinyint(4) DEFAULT NULL COMMENT '状态  0：禁用   1：正常',
  `PASSWORD` varchar(100) DEFAULT NULL COMMENT '密码',
  `CREATE_USER_ID` varchar(32) DEFAULT NULL COMMENT '创建者ID',
  `CREATE_USER_ORG_NO` varchar(32) DEFAULT NULL COMMENT '创建人所属机构',
  `CREATE_TIME` datetime DEFAULT NULL COMMENT '创建时间',
  PRIMARY KEY (`USER_ID`),
  UNIQUE KEY `USERNAME` (`USER_NAME`),
  UNIQUE KEY `UID` (`U_ID`)
) ENGINE=InnoDB AUTO_INCREMENT=90 DEFAULT CHARSET=utf8 COMMENT='系统用户';

-- ----------------------------
-- Records of SYS_USER
-- ----------------------------
BEGIN;
INSERT INTO `SYS_USER` VALUES ('01fa222cffe727b448ae949ee72c738e', 89, 'qafgg', 'fff', 1, '01', 'EVlBOs9T0rgwAfP9dW5D', NULL, NULL, NULL, '13639878520', NULL, '0', NULL, NULL, 1, '10db2b337ca23d37db0eba2caf6736839e98a38886fe45aee86526f6c2f72690', '1', '01', '2019-12-04 09:46:48');
INSERT INTO `SYS_USER` VALUES ('1', 1, 'admin', 'gs', 1, '01', 'YzcmCZNvbXocrsz9dm8e', 'smtp.qq.com', '752439975@qq.com', '', '15738776414', '888888', '3', NULL, NULL, 1, '9ec9750e709431dad22365cabc5c625482e574c74adaebba7dd02f1129e4ce1d', NULL, NULL, '2016-11-11 11:11:11');
INSERT INTO `SYS_USER` VALUES ('3565b9780eaa50a5b2ddbddc25056c25', 69, 'promotion', 'promotion', 1, '01', 'm8pESpekpELvecMDsxMa', NULL, NULL, NULL, '15738776111', 'CFHKEP', '2', 68, 67, 1, '21265aed5dd6f7b3846fc204cd7bd2edbe93dad280f5456a11baaf0800765b63', '7f5476654d0c0b61249ccabe6540cf0d', '01', '2019-12-03 16:42:41');
INSERT INTO `SYS_USER` VALUES ('50da8ebbce6ab7205d3bec779b5a6217', 82, 'qaf', 'afgf', 1, '01', 'WOLK7mmhwWELsdU6Bxes', NULL, NULL, NULL, '13636445122', NULL, '1', NULL, 67, 1, 'aa9354413cf282200979059c070aa62b74240e980b55dcbb5893fa486f6b2039', 'd95d3f56a31e598c89f796ef5b79a221', '01', '2019-12-04 09:40:36');
INSERT INTO `SYS_USER` VALUES ('7f5476654d0c0b61249ccabe6540cf0d', 68, 'chief', 'chief1', 1, '01', 'yzKn9NwMnd83LedKNG5H', NULL, NULL, NULL, '15738776411', NULL, '1', NULL, 67, 1, '073da1b5f5821a8110a6911b0d930057882f1d2d1e7f8fa154f3734771c1878f', 'd95d3f56a31e598c89f796ef5b79a221', '01', '2019-12-03 16:41:40');
INSERT INTO `SYS_USER` VALUES ('8867eafa5d4dbf3fc210a3c84e32e91b', 88, 'fdfdfd', '123', 1, '01', 'A2EgoF7oC9hDgOlkBjca', NULL, NULL, NULL, '13639847850', '78EWWN', '2', 79, 67, 1, '3fa7f7ff235ac261599a2bdfc659a2fae58da837a09a9c47a36bb5bf8bfdb1f4', 'd272537435897e10f31bb46f087941fe', '01', '2019-12-04 09:42:48');
INSERT INTO `SYS_USER` VALUES ('90ea0edbd93abb481594bc3d2b302722', 74, 'qwe', 'qwe', 1, '01', 'fk4rqhGkaINyw5c2XdGZ', NULL, NULL, NULL, '13639845850', NULL, '0', NULL, NULL, 1, '86371077ed204bae5e96e798c9c8cf08487eb56689da68e4e0183e78bf3ad946', '1', '01', '2019-12-03 18:18:17');
INSERT INTO `SYS_USER` VALUES ('c08890c94b8f4a941637362db0515cc9', 73, '123', '123', 1, '01', 'McHRLq3v5khHBnjIBBgi', NULL, NULL, NULL, '13639845850', NULL, '0', NULL, NULL, 1, 'a8dd4872ce9ed332604bbce08a537bbe0743ad760f63b17fa71d7088032e57c8', '1', '01', '2019-12-03 18:18:05');
INSERT INTO `SYS_USER` VALUES ('d272537435897e10f31bb46f087941fe', 79, 'cat2', 'cat2', 1, '01', 'V8B8LcQiLF5qv87TmpeJ', NULL, NULL, NULL, '13635353535', NULL, '1', NULL, 67, 1, '736d8073da9552ab59c9a954e6adb989555e16db962ac912288d264d86c0a634', 'd95d3f56a31e598c89f796ef5b79a221', '01', '2019-12-04 09:39:24');
INSERT INTO `SYS_USER` VALUES ('d95d3f56a31e598c89f796ef5b79a221', 67, 'boss', 'boss', 1, '01', 'n6IFDEKTLKNeCyDTC4pb', NULL, NULL, NULL, '13639878520', NULL, '0', NULL, NULL, 1, '2bacf39ac25339d30cd93670a65e8a3c53367f17acc7033e269b73188416b9fb', '1', '01', '2019-12-03 16:14:44');
INSERT INTO `SYS_USER` VALUES ('ec6a782576989dcd6ee83eccc7f0e2c7', 71, '12qw', 'qw', 1, '01', 'VKmHahH6CWiGULMQcTGv', NULL, NULL, NULL, '13545656235', 'PFIHJS', '2', 68, 67, 1, '430590c4d75fb91f3ae319b5e1d66580b38c33842f09426358957279230d607b', '7f5476654d0c0b61249ccabe6540cf0d', '01', '2019-12-03 17:56:52');
COMMIT;

-- ----------------------------
-- Table structure for SYS_USER_ROLE
-- ----------------------------
DROP TABLE IF EXISTS `SYS_USER_ROLE`;
CREATE TABLE `SYS_USER_ROLE` (
  `ID` varchar(32) NOT NULL,
  `USER_ID` varchar(32) DEFAULT NULL COMMENT '用户ID',
  `ROLE_ID` varchar(32) DEFAULT NULL COMMENT '角色ID',
  PRIMARY KEY (`ID`)
) ENGINE=InnoDB DEFAULT CHARSET=utf8 COMMENT='用户与角色对应关系';

-- ----------------------------
-- Records of SYS_USER_ROLE
-- ----------------------------
BEGIN;
INSERT INTO `SYS_USER_ROLE` VALUES ('0010d7daf981a56c54f1e51bee9d52bb', 'be2bc5fcfa42635e5a717e40fd7713ef', '2d6efc32fbd21f6a309959e92084a787');
INSERT INTO `SYS_USER_ROLE` VALUES ('00f516c0f4d8eb2ceac302674b8a38f9', 'a38c78358ca5d2823316b933cdd76e27', 'd0655c10a69d1c7315c2715e5d2b3053');
INSERT INTO `SYS_USER_ROLE` VALUES ('0124a96e584d791dd35f9d94ac211408', 'bc6828ef997e7a0c815c4c51ae39f4be', '2d6efc32fbd21f6a309959e92084a787');
INSERT INTO `SYS_USER_ROLE` VALUES ('0590cf47e92e62fdbfd365db000d7574', '50da8ebbce6ab7205d3bec779b5a6217', '2d6efc32fbd21f6a309959e92084a787');
INSERT INTO `SYS_USER_ROLE` VALUES ('05ebc3c4774a67078c862abc5d54a476', '62af7f5b24ad76d618c92ddda0f423aa', '4bc32f725ca7aed1efcadc78c5af75a2');
INSERT INTO `SYS_USER_ROLE` VALUES ('0b76081c97a6e33fd7f745b2e88bbbcd', 'cdb9f2db7481ad2db534bb9745c6df30', '2d6efc32fbd21f6a309959e92084a787');
INSERT INTO `SYS_USER_ROLE` VALUES ('0d104f3389d26c5bf13810a84d570ab0', '2e4fa8b0967f0038a443834b8dec2692', '2d6efc32fbd21f6a309959e92084a787');
INSERT INTO `SYS_USER_ROLE` VALUES ('0d61963ebe1058d6b1ed48cc9c096f15', '3923b9d17f4deb9f358fe99c47d1ce00', '2d6efc32fbd21f6a309959e92084a787');
INSERT INTO `SYS_USER_ROLE` VALUES ('0efb4abec0178fdf73a62e7ea797de05', '90ea0edbd93abb481594bc3d2b302722', 'd0655c10a69d1c7315c2715e5d2b3053');
INSERT INTO `SYS_USER_ROLE` VALUES ('13c203cbaa620c89d6fed91c58a455ad', 'd74e8115c8135bf6ca032f5832102ac8', 'd0655c10a69d1c7315c2715e5d2b3053');
INSERT INTO `SYS_USER_ROLE` VALUES ('16442e97298ab0575150c03967877d7a', '2dbd446bf895f2007e4f965e08d34559', '2d6efc32fbd21f6a309959e92084a787');
INSERT INTO `SYS_USER_ROLE` VALUES ('1f0625625aa7207a0b5189373cc6f4be', 'e42390b83068aa493ada948e9f63947e', 'd0655c10a69d1c7315c2715e5d2b3053');
INSERT INTO `SYS_USER_ROLE` VALUES ('207d8e630d316665bdd1adfd1814ae15', '33975038e78fc96cecd97d2227421908', 'd0655c10a69d1c7315c2715e5d2b3053');
INSERT INTO `SYS_USER_ROLE` VALUES ('26b26ebf629381b929efe2e7167f9280', 'edadecda2f7dff70d1dc9af9bbf410c2', '4bc32f725ca7aed1efcadc78c5af75a2');
INSERT INTO `SYS_USER_ROLE` VALUES ('2761830ec79b6a5d0b2a8461e6d5fb84', '4846d7b53587efc9a3ebdea4f2a99a12', '2d6efc32fbd21f6a309959e92084a787');
INSERT INTO `SYS_USER_ROLE` VALUES ('27e4d9cc05a4e72804803d81c76fc453', 'a58b8369c912dacdccb3c8f5abd2deaf', 'd0655c10a69d1c7315c2715e5d2b3053');
INSERT INTO `SYS_USER_ROLE` VALUES ('2c47ff7c1cd80208eee99e3a581a5cbf', 'd95d3f56a31e598c89f796ef5b79a221', 'd0655c10a69d1c7315c2715e5d2b3053');
INSERT INTO `SYS_USER_ROLE` VALUES ('2c8d7a776aeeff2511041db4f0339de6', '3823f19355fe050c3afce61952ff17a5', '4bc32f725ca7aed1efcadc78c5af75a2');
INSERT INTO `SYS_USER_ROLE` VALUES ('2e88f368143c599ef60af0333cfa563a', '9b8de755c3b3402ae1ca7a4f0e19b444', 'd0655c10a69d1c7315c2715e5d2b3053');
INSERT INTO `SYS_USER_ROLE` VALUES ('31092a9bd313f43263684f9dcfad9dfc', '86627305a4fbb9eb88307457b6210ca1', '4bc32f725ca7aed1efcadc78c5af75a2');
INSERT INTO `SYS_USER_ROLE` VALUES ('369beafcc5ee3a885556dda47e28ccc7', 'e066f7e9c903ed5c26eda34a33aafd58', '4bc32f725ca7aed1efcadc78c5af75a2');
INSERT INTO `SYS_USER_ROLE` VALUES ('3871775c84995a5ddafcba77f0308720', '0573181d5044fa05ed741ca2a2edcfaa', '2d6efc32fbd21f6a309959e92084a787');
INSERT INTO `SYS_USER_ROLE` VALUES ('3b9ddff19b0178e55f05ba2ae112a864', '69d6b4596772207984af02300fb11301', '2d6efc32fbd21f6a309959e92084a787');
INSERT INTO `SYS_USER_ROLE` VALUES ('401146be9e27869dbd37597172353970', '5bf83a598fdacdebc3f77d4660d66c9f', 'd0655c10a69d1c7315c2715e5d2b3053');
INSERT INTO `SYS_USER_ROLE` VALUES ('4739325c0df19cc782795826c9de9186', '9880375dbfbace795361d86fcd762963', 'd0655c10a69d1c7315c2715e5d2b3053');
INSERT INTO `SYS_USER_ROLE` VALUES ('49e2e879abe5736ebb22d98091dc9eb6', 'e0a565687a3f2158cc492e4ada118a51', '4bc32f725ca7aed1efcadc78c5af75a2');
INSERT INTO `SYS_USER_ROLE` VALUES ('4aecfa39a377d2d4010f189b6fa4d1b9', 'd272537435897e10f31bb46f087941fe', '2d6efc32fbd21f6a309959e92084a787');
INSERT INTO `SYS_USER_ROLE` VALUES ('4f2bed269f447719795a411fe8e0f90e', '7ebb2ed0ee1edec31cdc659a99ada7ee', '4bc32f725ca7aed1efcadc78c5af75a2');
INSERT INTO `SYS_USER_ROLE` VALUES ('517ec292a30ef5419a8b745b7eab23c2', '70242f29b1e2cc325e12c2adabcf180c', '4bc32f725ca7aed1efcadc78c5af75a2');
INSERT INTO `SYS_USER_ROLE` VALUES ('53d774c6a7ed80f235b2d36daaa22133', 'c08890c94b8f4a941637362db0515cc9', 'd0655c10a69d1c7315c2715e5d2b3053');
INSERT INTO `SYS_USER_ROLE` VALUES ('56f6dd8736f41365d39a3546721bcd5b', '1', 'fd4b9ddc48302768d08bbd264a125968');
INSERT INTO `SYS_USER_ROLE` VALUES ('59625dc99623423f2e65bbc2f5a8fe76', 'c21d900a5b9d6458c13d1354d3673631', '2d6efc32fbd21f6a309959e92084a787');
INSERT INTO `SYS_USER_ROLE` VALUES ('5bafb333eea8f4e3005216f78e16de5f', '45843821f61dde46bcf5d8cee9e6f3c4', '2d6efc32fbd21f6a309959e92084a787');
INSERT INTO `SYS_USER_ROLE` VALUES ('62ebfb54af07dd4ac8fd768070a1fca3', 'a965972a40ad0168ddf103d4d28254bf', '4bc32f725ca7aed1efcadc78c5af75a2');
INSERT INTO `SYS_USER_ROLE` VALUES ('65371c3d03431286917c6d02347f7e67', '1d6afcab1c1c6cd8a69b0f4a18634788', '4bc32f725ca7aed1efcadc78c5af75a2');
INSERT INTO `SYS_USER_ROLE` VALUES ('677938c9777f7e3e642078ae394e8a43', '45d914b2d877cd25ada7092ebe5c4b1a', '4bc32f725ca7aed1efcadc78c5af75a2');
INSERT INTO `SYS_USER_ROLE` VALUES ('69e29475ce22d666f3d60b0b30a397d1', 'bdf8b6658e2b3479fbf8aa42ea1b887d', '2d6efc32fbd21f6a309959e92084a787');
INSERT INTO `SYS_USER_ROLE` VALUES ('6c4a045859d4a3ccb75aa7ead6c2f6d9', '066660b65cf3fb6dc68530b31494ed9d', '4bc32f725ca7aed1efcadc78c5af75a2');
INSERT INTO `SYS_USER_ROLE` VALUES ('6ebb06b789435f2781f2422d40888be5', 'ec97b595ea3e62d9301a6533064161d0', '4bc32f725ca7aed1efcadc78c5af75a2');
INSERT INTO `SYS_USER_ROLE` VALUES ('73f4813488ee890a06b650427b962ae3', 'ec6a782576989dcd6ee83eccc7f0e2c7', '4bc32f725ca7aed1efcadc78c5af75a2');
INSERT INTO `SYS_USER_ROLE` VALUES ('86e9e2d91550814eeb6a575031b64eb5', 'ee352c377d6af5db91a6acaeb3f518b8', '2d6efc32fbd21f6a309959e92084a787');
INSERT INTO `SYS_USER_ROLE` VALUES ('8e88836890928ded5a906246b5d21f5d', 'e23135618007c7831c4b57e7574692a7', '4bc32f725ca7aed1efcadc78c5af75a2');
INSERT INTO `SYS_USER_ROLE` VALUES ('9bf03bae9e0637b0bc672cf368bb3712', '286a2f01c7c0ce3c2285b4ef2baf35da', '2d6efc32fbd21f6a309959e92084a787');
INSERT INTO `SYS_USER_ROLE` VALUES ('a0163fed6069ce638a722efaede19fa9', '37b3d2189436e9d7ff4c0c526e38d9fc', '4bc32f725ca7aed1efcadc78c5af75a2');
INSERT INTO `SYS_USER_ROLE` VALUES ('a207e62a91a0e7212eded0636cc43015', '7585867ba24c7fa648c668aaeb5c4584', '4bc32f725ca7aed1efcadc78c5af75a2');
INSERT INTO `SYS_USER_ROLE` VALUES ('a2a1197737ddc0b06428db2b98d4a2f5', 'b258c437c668cf22bd5b213f07749af6', '2d6efc32fbd21f6a309959e92084a787');
INSERT INTO `SYS_USER_ROLE` VALUES ('a3f8bd6810c4b7b33c102ae61e6007ff', '43f0479a7af0a7a571f0864df7938b86', '4bc32f725ca7aed1efcadc78c5af75a2');
INSERT INTO `SYS_USER_ROLE` VALUES ('aba635ef69e9a71096ae4d8a58eb8f0b', '5b1f9a20017ee57e743cb3d5dd0b3090', '2d6efc32fbd21f6a309959e92084a787');
INSERT INTO `SYS_USER_ROLE` VALUES ('b01324fd40ded8b4ed0e287ad0d4de3a', '7c407013ef396f9408b55aebb5d6bdba', '2d6efc32fbd21f6a309959e92084a787');
INSERT INTO `SYS_USER_ROLE` VALUES ('b09bead45922b4bd825d772d7d506b58', 'c8536d11660dc3c75947d5b95945a10c', '4bc32f725ca7aed1efcadc78c5af75a2');
INSERT INTO `SYS_USER_ROLE` VALUES ('b0f4d8bf595701905d85838b4257abf4', 'a2b72022e9af6c23e7dab72f443bcd06', '4bc32f725ca7aed1efcadc78c5af75a2');
INSERT INTO `SYS_USER_ROLE` VALUES ('bb2aaa0d20e8dcbcde004e2c69c88fbd', '3565b9780eaa50a5b2ddbddc25056c25', '4bc32f725ca7aed1efcadc78c5af75a2');
INSERT INTO `SYS_USER_ROLE` VALUES ('c1626f3cb2d3c55fc473e54556c92e88', '27051b9281d5a41e68d524926b355b31', 'd0655c10a69d1c7315c2715e5d2b3053');
INSERT INTO `SYS_USER_ROLE` VALUES ('c58b5cd7d5b951f68b78c192fdd13ee5', 'd53eff5be7bd5a7d3348f4af7f47c57f', '4bc32f725ca7aed1efcadc78c5af75a2');
INSERT INTO `SYS_USER_ROLE` VALUES ('c8ad01667aad96bb86133e1a5b665916', 'bf8bdc70cc1790237f16a862e1bc57df', '4bc32f725ca7aed1efcadc78c5af75a2');
INSERT INTO `SYS_USER_ROLE` VALUES ('ca41fd9547af5a8b42ef3f669350aea6', '19ddb81caaf196171bef6fe22a33db07', 'd0655c10a69d1c7315c2715e5d2b3053');
INSERT INTO `SYS_USER_ROLE` VALUES ('d27ab6a559705de7be70a3c329298088', '7e10aeaa2e7dfd1bc32240bf8c59553d', 'fd4b9ddc48302768d08bbd264a125968');
INSERT INTO `SYS_USER_ROLE` VALUES ('d2a185288c33f9c58c868bb367279d96', '4ebe8b49cae4fb1db4808734d86964bb', '4bc32f725ca7aed1efcadc78c5af75a2');
INSERT INTO `SYS_USER_ROLE` VALUES ('de1d09b2fb3c8f67ff30ee7f9ee1ec07', '8867eafa5d4dbf3fc210a3c84e32e91b', '4bc32f725ca7aed1efcadc78c5af75a2');
INSERT INTO `SYS_USER_ROLE` VALUES ('df284acec4cfb18e96d5587d8669d83a', '9efa76befab54e8ef263de6e04f11fcd', '2d6efc32fbd21f6a309959e92084a787');
INSERT INTO `SYS_USER_ROLE` VALUES ('dfbf0945b1920fd08fa235993dd997e0', 'bebb9a149e8c23ad1e292c9dcdf68587', '4bc32f725ca7aed1efcadc78c5af75a2');
INSERT INTO `SYS_USER_ROLE` VALUES ('e486e8dd60ac1985e824320993970637', 'da2efdb7600993f1cff76295610eb9d7', '2d6efc32fbd21f6a309959e92084a787');
INSERT INTO `SYS_USER_ROLE` VALUES ('ec884ddc6ae46e49b7d6ce5fc601e059', '6b3f3f660fb93da1d51087261b68d8d7', '2d6efc32fbd21f6a309959e92084a787');
INSERT INTO `SYS_USER_ROLE` VALUES ('ee1da08fb8aef0edaa00506bd0093956', '7f5476654d0c0b61249ccabe6540cf0d', '2d6efc32fbd21f6a309959e92084a787');
INSERT INTO `SYS_USER_ROLE` VALUES ('eef1d6bc81550dd7f96cfb0a8acf6306', 'dbb5ee21f9ad3ca58e776efa78c77bd4', '2d6efc32fbd21f6a309959e92084a787');
INSERT INTO `SYS_USER_ROLE` VALUES ('f22ed93a47ec891883d307febb9afbb9', 'b0ec3865e13b57b329f8a5078f45b6aa', 'd0655c10a69d1c7315c2715e5d2b3053');
INSERT INTO `SYS_USER_ROLE` VALUES ('f8c8736529cb28974688707a02f6801b', '06cf0ea54ebc0f830d5507b0a3d3bc6c', '4bc32f725ca7aed1efcadc78c5af75a2');
INSERT INTO `SYS_USER_ROLE` VALUES ('fe000b39d46ecea163b755a43c4e9f10', '01fa222cffe727b448ae949ee72c738e', 'd0655c10a69d1c7315c2715e5d2b3053');
COMMIT;

SET FOREIGN_KEY_CHECKS = 1;